Date,PM2
2018-01-04,8.02
2018-01-05,11.406666666666666
2018-01-06,14.95
2018-01-07,23.57
2018-01-08,11.488888888888887
2018-01-09,8.68
2018-01-10,15.1125
2018-01-11,14.283333333333331
2018-01-12,16.500000000000004
2018-01-13,18.51
2018-01-14,11.46470588235294
2018-01-15,14.144444444444444
2018-01-16,12.11111111111111
2018-01-17,8.907142857142857
2018-01-18,11.144444444444444
2018-01-19,9.577777777777778
2018-01-20,5.677777777777778
2018-01-21,10.63
2018-01-22,8.379999999999999
2018-01-23,3.875
2018-01-24,5.075
2018-01-25,7.6
2018-01-26,14.1
2018-01-27,19.51
2018-01-28,17.869999999999997
2018-01-29,13.892857142857142
2018-01-30,15.055555555555555
2018-01-31,10.855555555555556
2018-02-01,15.246666666666666
2018-02-02,23.2375
2018-02-03,27.7625
2018-02-04,18.641666666666666
2018-02-05,27.5625
2018-02-06,22.275
2018-02-07,13.983333333333334
2018-02-08,23.7
2018-02-09,27.725
2018-02-10,13.772727272727272
2018-02-11,11.1
2018-02-12,6.8
2018-02-13,3.36875
2018-02-14,4.68
2018-02-15,4.763636363636364
2018-02-16,7.273333333333331
2018-02-17,9.63
2018-02-18,13.84
2018-02-19,6.723529411764706
2018-02-20,9.76
2018-02-21,14.07
2018-02-22,5.786666666666666
2018-02-23,4.46
2018-02-24,8.879999999999999
2018-02-25,3.594444444444445
2018-02-26,2.7
2018-02-27,3.1
2018-02-28,5.258333333333334
2018-03-01,11.771428571428572
2018-03-02,6.15
2018-03-03,4.816666666666666
2018-03-04,6.3500000000000005
2018-03-05,9.083333333333334
2018-03-06,3.74
2018-03-07,5.333333333333333
2018-03-08,5.7125
2018-03-09,2.373333333333333
2018-03-10,6.94
2018-03-11,10.65
2018-03-12,4.942857142857143
2018-03-13,6.04
2018-03-14,3.38
2018-03-15,4.022222222222222
2018-03-16,5.409999999999999
2018-03-17,6.470000000000001
2018-03-18,4.286666666666666
2018-03-19,3.85
2018-03-20,3.89
2018-03-21,4.6
2018-03-22,6.49
2018-03-23,6.279999999999999
2018-03-24,5.493333333333334
2018-03-25,4.5200000000000005
2018-03-26,5.04
2018-03-27,5.788235294117648
2018-03-28,8.877777777777778
2018-03-29,4.388888888888889
2018-03-30,3.492857142857143
2018-03-31,5.466666666666667
2018-04-01,3.466666666666667
2018-04-02,4.319999999999999
2018-04-03,4.375
2018-04-04,3.671428571428572
2018-04-05,2.3846153846153846
2018-04-06,4.533333333333333
2018-04-07,4.9
2018-04-08,4.288888888888889
2018-04-09,3.75
2018-04-10,3.85
2018-04-11,3.18
2018-04-12,4.3100000000000005
2018-04-13,3.85
2018-04-14,3.5444444444444443
2018-04-15,4.88
2018-04-16,4.5375000000000005
2018-04-17,3.892307692307692
2018-04-18,3.3125
2018-04-19,3.625
2018-04-20,2.95
2018-04-21,2.555555555555556
2018-04-22,2.1333333333333333
2018-04-23,2.158333333333333
2018-04-24,2.75
2018-04-25,1.6
2018-04-26,2.5294117647058822
2018-04-27,2.6
2018-04-28,3.66
2018-04-29,1.933333333333333
2018-04-30,3.39
2018-05-01,3.39
2018-05-02,2.423076923076923
2018-05-03,1.757142857142857
2018-05-04,1.0333333333333334
2018-05-05,2.481818181818182
2018-05-06,2.8857142857142857
2018-05-07,2.0285714285714285
2018-05-08,3.7125
2018-05-09,4.0
2018-05-10,5.111111111111111
2018-05-11,1.7307692307692308
2018-05-12,0.9333333333333332
2018-05-13,1.877777777777777
2018-05-14,2.0
2018-05-15,3.3777777777777778
2018-05-16,2.81
2018-05-17,2.96
2018-05-18,2.99
2018-05-19,2.99
2018-05-20,2.566666666666667
2018-05-21,1.5799999999999998
2018-05-22,2.05
2018-05-23,1.9666666666666663
2018-05-24,1.87
2018-05-25,2.52
2018-05-26,2.177777777777778
2018-05-27,1.81
2018-05-28,3.3
2018-05-29,2.4133333333333336
2018-05-30,2.51
2018-05-31,3.227272727272727
2018-06-01,2.747368421052632
2018-06-02,3.1727272727272724
2018-06-03,3.727272727272727
2018-06-04,3.0352941176470587
2018-06-05,3.62
2018-06-06,3.34
2018-06-07,3.2
2018-06-08,4.2727272727272725
2018-06-09,6.3
2018-06-10,6.152941176470589
2018-06-11,2.3
2018-06-12,2.7
2018-06-13,5.166666666666667
2018-06-14,25.0
2018-06-15,11.60909090909091
2018-06-16,2.1533333333333333
2018-06-17,1.9181818181818184
2018-06-18,2.07
2018-06-19,3.9
2018-06-20,2.85
2018-06-21,5.085714285714286
2018-06-22,2.0727272727272728
2018-06-23,3.3142857142857145
2018-06-24,2.5125
2018-06-25,3.276923076923077
2018-06-26,2.8666666666666663
2018-06-27,3.2818181818181817
2018-06-28,1.8727272727272728
2018-06-29,1.942857142857143
2018-06-30,2.5
2018-07-01,2.363636363636364
2018-07-02,3.557142857142857
2018-07-03,4.85
2018-07-04,7.2125
2018-07-05,5.44
2018-07-06,4.93
2018-07-07,4.492857142857143
2018-07-08,3.654545454545455
2018-07-09,2.4
2018-07-10,2.306666666666666
2018-07-11,1.97
2018-07-12,3.16
2018-07-13,3.0647058823529414
2018-07-14,2.8
2018-07-15,2.527272727272728
2018-07-16,1.688235294117647
2018-07-17,2.136363636363636
2018-07-18,3.0
2018-07-19,3.744444444444445
2018-07-20,5.87
2018-07-21,6.55
2018-07-22,5.993333333333334
2018-07-23,6.433333333333334
2018-07-24,8.41
2018-07-25,6.483333333333333
2018-07-26,5.720000000000001
2018-07-27,5.522222222222222
2018-07-28,4.021428571428571
2018-07-29,3.866666666666666
2018-07-30,5.2875000000000005
2018-07-31,9.013333333333332
2018-08-01,8.0
2018-08-02,2.31
2018-08-03,2.54375
2018-08-04,3.3200000000000003
2018-08-05,2.49
2018-08-06,1.76875
2018-08-07,1.6800000000000002
2018-08-08,2.31
2018-08-09,2.8117647058823527
2018-08-10,2.75
2018-08-11,2.97
2018-08-12,2.4944444444444445
2018-08-13,2.59
2018-08-14,1.61
2018-08-15,1.71875
2018-08-16,2.309090909090909
2018-08-17,3.1181818181818177
2018-08-18,3.773684210526316
2018-08-19,3.836363636363637
2018-08-20,2.91
2018-08-21,1.8294117647058823
2018-08-22,1.9090909090909087
2018-08-23,2.8363636363636364
2018-08-24,1.7052631578947368
2018-08-25,3.145454545454545
2018-08-26,2.4181818181818184
2018-08-27,1.5375
2018-08-28,1.9916666666666665
2018-08-29,2.390909090909091
2018-08-30,2.5526315789473686
2018-08-31,2.6818181818181817
2018-09-01,3.227272727272727
2018-09-02,3.06875
2018-09-03,4.17
2018-09-04,7.52
2018-09-05,4.533333333333333
2018-09-06,3.5
2018-09-07,2.53
2018-09-08,2.6625
2018-09-09,4.48
2018-09-10,5.066666666666666
2018-09-11,5.211764705882352
2018-09-12,4.39
2018-09-13,3.2444444444444445
2018-09-14,3.485714285714286
2018-09-15,5.64
2018-09-16,6.0200000000000005
2018-09-17,3.705555555555556
2018-09-18,5.090909090909091
2018-09-19,4.581818181818182
2018-09-20,3.8
2018-09-21,3.59
2018-09-22,3.63
2018-09-23,1.822222222222222
2018-09-24,2.75
2018-09-25,2.4
2018-09-26,3.0125
2018-09-27,5.619999999999999
2018-09-28,3.8
2018-09-29,5.95
2018-09-30,8.625
2018-10-01,6.514285714285714
2018-10-02,6.584615384615384
2018-10-03,7.063636363636364
2018-10-04,4.6
2018-10-05,5.550000000000001
2018-10-06,4.3100000000000005
2018-10-07,4.95
2018-10-08,4.35625
2018-10-09,10.30909090909091
2018-10-10,3.945454545454545
2018-10-11,3.831578947368421
2018-10-12,5.73
2018-10-13,4.227272727272728
2018-10-14,3.65
2018-10-15,3.854545454545456
2018-10-16,3.1100000000000003
2018-10-17,4.175
2018-10-18,6.788888888888889
2018-10-19,4.16
2018-10-20,2.45
2018-10-21,5.309090909090909
2018-10-22,7.554545454545454
2018-10-23,2.4105263157894736
2018-10-24,5.918181818181818
2018-10-25,6.34
2018-10-26,6.052941176470589
2018-10-27,4.818181818181818
2018-10-28,3.89090909090909
2018-10-29,3.1125
2018-10-30,8.663636363636364
2018-10-31,11.509090909090908
2018-11-01,9.227777777777778
2018-11-02,15.060000000000002
2018-11-03,19.95
2018-11-04,16.842105263157894
2018-11-05,16.990909090909092
2018-11-06,16.21
2018-11-07,11.72222222222222
2018-11-08,9.363636363636363
2018-11-09,8.054545454545455
2018-11-10,6.173684210526315
2018-11-11,6.118181818181818
2018-11-12,2.363636363636364
2018-11-13,3.1625
2018-11-14,6.515384615384615
2018-11-15,12.38181818181818
2018-11-16,8.994444444444445
2018-11-17,13.918181818181818
2018-11-18,11.5
2018-11-19,4.747058823529412
2018-11-20,5.458333333333333
2018-11-21,5.790909090909091
2018-11-22,5.468421052631579
2018-11-23,8.909090909090908
2018-11-24,8.1
2018-11-25,4.917647058823529
2018-11-26,6.545454545454546
2018-11-27,14.227272727272728
2018-11-28,12.622222222222222
2018-11-29,6.9363636363636365
2018-11-30,7.220000000000001
2018-12-01,9.316666666666666
2018-12-02,12.609090909090911
2018-12-03,8.018181818181818
2018-12-04,12.557894736842105
2018-12-05,12.69090909090909
2018-12-06,14.2
2018-12-07,7.711764705882352
2018-12-08,5.163636363636363
2018-12-09,9.590909090909092
2018-12-10,13.094444444444443
2018-12-11,7.392307692307692
2018-12-12,7.016666666666667
2018-12-13,8.211111111111112
2018-12-14,13.454545454545457
2018-12-15,9.1
2018-12-16,9.647368421052631
2018-12-17,6.090909090909091
2018-12-18,6.525
2018-12-19,4.847368421052631
2018-12-20,18.01818181818182
2018-12-21,15.545454545454543
2018-12-22,15.675
2018-12-23,20.2
2018-12-24,25.625
2018-12-25,10.794117647058824
2018-12-26,15.654545454545454
2018-12-27,17.2
2018-12-28,17.9125
2018-12-29,10.791666666666666
2018-12-30,9.033333333333331
2018-12-31,12.092857142857142
2019-01-01,10.275
2019-01-02,5.508333333333333
2019-01-03,7.694736842105263
2019-01-04,28.89090909090909
2019-01-05,33.59166666666666
2019-01-06,22.58333333333333
2019-01-07,29.125
2019-01-08,21.758333333333336
2019-01-09,8.11
2019-01-10,12.11818181818182
2019-01-11,17.054545454545455
2019-01-12,13.970588235294118
2019-01-13,16.330000000000002
2019-01-14,18.28
2019-01-15,25.37894736842105
2019-01-16,20.181818181818183
2019-01-17,24.42
2019-01-18,14.21764705882353
2019-01-19,12.008333333333333
2019-01-20,17.275000000000002
2019-01-21,13.342105263157896
2019-01-22,10.52
2019-01-23,12.608333333333334
2019-01-24,11.5
2019-01-25,7.366666666666667
2019-01-26,11.591666666666669
2019-01-27,12.052380952380952
2019-01-28,11.383333333333333
2019-01-29,9.183333333333334
2019-01-30,4.505555555555556
2019-01-31,14.583333333333334
2019-02-01,11.36
2019-02-02,12.733333333333333
2019-02-03,5.816666666666666
2019-02-04,4.516666666666667
2019-02-05,5.278947368421052
2019-02-06,13.533333333333331
2019-02-07,17.963636363636365
2019-02-08,8.942857142857143
2019-02-09,8.083333333333334
2019-02-10,14.491666666666667
2019-02-11,5.161111111111111
2019-02-12,4.976923076923077
2019-02-13,4.390909090909091
2019-02-14,6.261111111111111
2019-02-15,14.408333333333331
2019-02-16,13.0
2019-02-17,9.088888888888889
2019-02-18,4.425
2019-02-19,4.658333333333333
2019-02-20,7.9263157894736835
2019-02-21,8.558333333333334
2019-02-22,11.35
2019-02-23,8.968421052631578
2019-02-24,14.991666666666667
2019-02-25,14.575
2019-02-26,13.03888888888889
2019-02-27,19.2
2019-02-28,17.515384615384615
2019-03-01,15.127777777777778
2019-03-02,10.275
2019-03-03,6.891666666666667
2019-03-04,9.371428571428572
2019-03-05,10.733333333333334
2019-03-06,7.475
2019-03-07,4.666666666666667
2019-03-08,7.033333333333334
2019-03-09,4.6000000000000005
2019-03-10,2.9047619047619047
2019-03-11,6.15
2019-03-12,3.5583333333333336
2019-03-13,3.8631578947368426
2019-03-14,4.775
2019-03-15,4.65
2019-03-16,2.7666666666666666
2019-03-17,2.75
2019-03-18,3.2750000000000004
2019-03-19,2.810526315789473
2019-03-20,5.058333333333333
2019-03-21,4.533333333333333
2019-03-22,2.7238095238095235
2019-03-23,4.641666666666667
2019-03-24,6.125
2019-03-25,4.15
2019-03-26,6.054545454545454
2019-03-27,6.025
2019-03-28,5.495238095238095
2019-03-29,5.783333333333334
2019-03-30,8.216666666666667
2019-03-31,7.815789473684211
2019-04-01,10.125
2019-04-02,7.445454545454546
2019-04-03,4.57
2019-04-04,3.85
2019-04-05,3.4
2019-04-06,2.85
2019-04-07,3.845454545454545
2019-04-08,4.441666666666666
2019-04-09,4.0
2019-04-10,3.858333333333333
2019-04-11,3.0083333333333333
2019-04-12,3.344444444444445
2019-04-13,3.107692307692308
2019-04-14,3.716666666666667
2019-04-15,3.325
2019-04-16,3.207692307692308
2019-04-17,2.4833333333333334
2019-04-18,1.838888888888889
2019-04-19,2.316666666666667
2019-04-20,3.1833333333333336
2019-04-21,1.919047619047619
2019-04-22,2.263636363636364
2019-04-23,2.127272727272727
2019-04-24,1.8722222222222225
2019-04-25,2.533333333333333
2019-04-26,2.9454545454545453
2019-04-27,3.4473684210526314
2019-04-28,3.927272727272728
2019-04-29,3.4
2019-04-30,2.652631578947368
2019-05-01,3.5083333333333333
2019-05-02,2.6
2019-05-03,2.788888888888889
2019-05-04,3.4
2019-05-05,2.409090909090909
2019-05-06,1.847058823529412
2019-05-07,4.21
2019-05-08,2.95
2019-05-09,2.4
2019-05-10,2.29
2019-05-11,2.227272727272727
2019-05-12,2.111111111111111
2019-05-13,3.145454545454545
2019-05-14,4.1000000000000005
2019-05-15,3.3736842105263163
2019-05-16,2.727272727272727
2019-05-17,4.327272727272727
2019-05-18,2.8722222222222222
2019-05-19,2.766666666666667
2019-05-20,3.716666666666667
2019-05-21,3.22
2019-05-22,4.816666666666666
2019-05-23,3.766666666666667
2019-05-24,2.5842105263157897
2019-05-25,3.9416666666666655
2019-05-26,12.558333333333332
2019-05-27,2.02
2019-05-28,2.5083333333333333
2019-05-29,2.3000000000000003
2019-05-30,2.7888888888888888
2019-05-31,7.445454545454546
2019-06-01,2.2818181818181817
2019-06-02,2.375
2019-06-03,2.290909090909091
2019-06-04,2.890909090909091
2019-06-05,2.9722222222222223
2019-06-06,3.090909090909091
2019-06-07,3.1
2019-06-08,3.3375
2019-06-09,3.5125
2019-06-10,2.75
2019-06-11,2.253333333333333
2019-06-12,2.3375
2019-06-13,3.6875
2019-06-14,3.826315789473684
2019-06-15,3.409090909090909
2019-06-16,2.7818181818181817
2019-06-17,1.9533333333333327
2019-06-18,3.345454545454545
2019-06-19,3.5454545454545454
2019-06-20,4.84
2019-06-21,6.666666666666667
2019-06-22,8.525
2019-06-23,9.526315789473683
2019-06-24,7.183333333333334
2019-06-25,16.008333333333333
2019-06-26,12.065
2019-06-27,37.10833333333333
2019-06-28,29.65
2019-06-29,37.94736842105263
2019-06-30,35.2
2019-07-01,10.74
2019-07-02,11.03125
2019-07-03,12.436363636363636
2019-07-04,6.43
2019-07-05,9.25
2019-07-06,22.12
2019-07-07,104.85
2019-07-08,64.59285714285714
2019-07-09,116.41818181818184
2019-07-10,105.46999999999998
2019-07-11,84.85333333333332
2019-07-12,34.19
2019-07-13,15.56
2019-07-14,9.076470588235296
2019-07-15,8.522222222222222
2019-07-16,4.6
2019-07-17,5.633333333333334
2019-07-18,12.2
2019-07-19,7.481818181818181
2019-07-20,10.366666666666667
2019-07-21,8.600000000000001
2019-07-22,12.077777777777778
2019-07-23,19.78235294117647
2019-07-24,13.32
2019-07-25,7.911111111111111
2019-07-26,9.988235294117649
2019-07-27,5.666666666666667
2019-07-28,4.0
2019-07-29,4.038461538461538
2019-07-30,6.088888888888889
2019-07-31,7.979999999999999
2019-08-01,9.227777777777778
2019-08-02,9.088888888888889
2019-08-03,2.988888888888889
2019-08-04,2.611764705882353
2019-08-05,2.833333333333333
2019-08-06,2.3125
2019-08-07,2.782352941176471
2019-08-08,3.75
2019-08-09,3.6666666666666665
2019-08-10,4.800000000000001
2019-08-11,4.95
2019-08-12,5.94
2019-08-13,3.9578947368421056
2019-08-14,4.07
2019-08-15,2.84
2019-08-16,2.7214285714285715
2019-08-17,1.825
2019-08-18,2.275
2019-08-19,8.242857142857144
2019-08-20,14.022222222222222
2019-08-21,9.011111111111113
2019-08-22,12.264285714285714
2019-08-23,13.966666666666669
2019-08-24,6.65
2019-08-25,7.723529411764707
2019-08-26,8.8625
2019-08-27,9.685714285714283
2019-08-28,5.0875
2019-08-29,13.2375
2019-08-30,16.7875
2019-08-31,11.047058823529412
2019-09-01,6.855555555555556
2019-09-02,4.199999999999999
2019-09-03,2.5333333333333337
2019-09-04,4.075
2019-09-05,4.9625
2019-09-06,7.25625
2019-09-07,8.01
2019-09-08,5.1571428571428575
2019-09-09,5.071428571428571
2019-09-10,4.325
2019-09-11,2.91
2019-09-12,3.733333333333333
2019-09-13,7.9
2019-09-14,11.510000000000002
2019-09-15,8.31764705882353
2019-09-16,4.69
2019-09-17,3.1181818181818177
2019-09-18,2.023529411764706
2019-09-19,1.7899999999999998
2019-09-20,1.92
2019-09-21,1.1722222222222225
2019-09-22,3.1
2019-09-23,3.966666666666667
2019-09-24,3.5176470588235293
2019-09-25,2.7
2019-09-26,3.455555555555556
2019-09-27,4.576470588235294
2019-09-28,6.488888888888889
2019-09-29,4.6
2019-09-30,2.1555555555555554
2019-10-01,2.77
2019-10-02,2.575
2019-10-03,2.652941176470588
2019-10-04,3.05
2019-10-05,2.275
2019-10-06,1.85
2019-10-07,2.833333333333333
2019-10-08,2.4
2019-10-09,2.18
2019-10-10,2.1666666666666665
2019-10-11,1.2444444444444445
2019-10-12,2.0058823529411764
2019-10-13,3.2299999999999995
2019-10-14,3.0444444444444443
2019-10-15,3.321428571428572
2019-10-16,4.888888888888889
2019-10-17,4.988888888888889
2019-10-18,4.0
2019-10-19,6.088888888888889
2019-10-20,7.888888888888889
2019-10-21,6.65625
2019-10-22,7.409090909090909
2019-10-23,4.0
2019-10-24,4.40625
2019-10-25,2.76
2019-10-26,5.0375
2019-10-27,3.54375
2019-10-28,6.325
2019-10-29,8.055555555555555
2019-10-30,4.821052631578947
2019-10-31,4.6625
2019-11-01,4.944444444444445
2019-11-02,2.1
2019-11-03,2.85
2019-11-04,11.55
2019-11-05,9.515789473684212
2019-11-06,3.711111111111111
2019-11-07,2.37
2019-11-08,4.022222222222222
2019-11-09,14.97
2019-11-10,15.4
2019-11-11,6.768421052631578
2019-11-12,10.61
2019-11-13,2.99
2019-11-14,2.294117647058824
2019-11-15,3.26
2019-11-16,2.3777777777777778
2019-11-17,4.033333333333333
2019-11-18,4.577777777777778
2019-11-19,7.27
2019-11-20,7.358823529411765
2019-11-21,8.3
2019-11-22,5.08
2019-11-23,7.161111111111111
2019-11-24,5.55
2019-11-25,4.855555555555556
2019-11-26,5.322222222222222
2019-11-27,7.51
2019-11-28,4.25
2019-11-29,4.4
2019-11-30,4.7700000000000005
2019-12-01,3.43
2019-12-02,2.25
2019-12-03,8.663636363636364
2019-12-04,8.327272727272726
2019-12-05,10.793333333333331
2019-12-06,12.666666666666666
2019-12-07,14.788888888888888
2019-12-08,7.729411764705882
2019-12-09,9.7
2019-12-10,9.77777777777778
2019-12-11,12.016666666666667
2019-12-12,13.28
2019-12-13,15.91
2019-12-14,18.552941176470583
2019-12-15,29.45555555555556
2019-12-16,27.944444444444443
2019-12-17,15.3875
2019-12-18,13.325
2019-12-19,16.1
2019-12-20,24.86470588235294
2019-12-21,26.5625
2019-12-22,30.01111111111112
2019-12-23,8.56875
2019-12-24,6.736363636363635
2019-12-25,5.7
2019-12-26,2.79375
2019-12-27,11.4125
2019-12-28,3.955555555555556
2019-12-29,3.006666666666667
2019-12-30,4.522222222222222
2019-12-31,9.92
2020-01-01,7.346666666666667
2020-01-02,9.2
2020-01-03,33.34444444444445
2020-01-04,21.41333333333333
2020-01-05,26.73333333333333
2020-01-06,25.78333333333333
2020-01-07,14.314285714285717
2020-01-08,28.514285714285712
2020-01-09,28.457142857142856
2020-01-10,29.66875
2020-01-11,39.4
2020-01-12,34.63333333333333
2020-01-13,9.336363636363636
2020-01-14,8.122222222222222
2020-01-15,11.385714285714286
2020-01-16,11.68235294117647
2020-01-17,25.942857142857143
2020-01-18,34.71111111111111
2020-01-19,23.464285714285715
2020-01-20,19.27142857142857
2020-01-21,11.675
2020-01-22,7.873333333333333
2020-01-23,12.5875
2020-01-24,8.0
2020-01-25,13.9125
2020-01-26,13.885714285714286
2020-01-27,13.271428571428572
2020-01-28,8.7
2020-01-29,10.5375
2020-01-30,7.666666666666667
2020-01-31,6.066666666666666
2020-02-01,15.38
2020-02-02,17.1625
2020-02-03,14.38125
2020-02-04,12.544444444444444
2020-02-05,16.79
2020-02-06,6.3375
2020-02-07,6.055555555555555
2020-02-08,10.4625
2020-02-09,5.811111111111111
2020-02-10,3.922222222222222
2020-02-11,13.177777777777775
2020-02-12,4.300000000000001
2020-02-13,14.088888888888889
2020-02-14,17.84
2020-02-15,9.038888888888888
2020-02-16,15.71
2020-02-17,16.11111111111111
2020-02-18,6.926666666666667
2020-02-19,3.58
2020-02-20,12.144444444444444
2020-02-21,7.815789473684211
2020-02-22,5.3875
2020-02-23,7.088888888888889
2020-02-24,14.333333333333334
2020-02-25,20.55454545454545
2020-02-26,18.12222222222222
2020-02-27,16.944444444444443
2020-02-28,16.844444444444445
2020-02-29,19.09
2020-03-01,2.86
2020-03-02,4.022222222222222
2020-03-03,11.122222222222222
2020-03-04,11.310526315789474
2020-03-05,15.775
2020-03-06,16.46
2020-03-07,6.352941176470588
2020-03-08,6.933333333333334
2020-03-09,2.3666666666666667
2020-03-10,3.847058823529412
2020-03-11,14.2
2020-03-12,8.533333333333333
2020-03-13,8.176470588235293
2020-03-14,12.0
2020-03-15,7.522222222222222
2020-03-16,4.7294117647058815
2020-03-17,10.477777777777778
2020-03-18,3.9125
2020-03-19,3.24
2020-03-20,2.9285714285714284
2020-03-21,2.75
2020-03-22,2.423529411764706
2020-03-23,3.7375
2020-03-24,4.1125
2020-03-25,2.5352941176470587
2020-03-26,2.0
2020-03-27,3.2142857142857144
2020-03-28,2.8823529411764706
2020-03-29,3.1375
2020-03-30,3.7
2020-03-31,2.6125
2020-04-01,6.4
2020-04-02,5.12
2020-04-03,3.647368421052632
2020-04-04,4.0200000000000005
2020-04-05,2.88
2020-04-06,2.7294117647058824
2020-04-07,3.6181818181818177
2020-04-08,5.29
2020-04-09,3.4833333333333334
2020-04-10,5.39
2020-04-11,5.25
2020-04-12,5.561111111111111
2020-04-13,2.54
2020-04-14,3.2
2020-04-15,3.6
2020-04-16,1.7999999999999998
2020-04-17,3.742857142857143
2020-04-18,3.2666666666666666
2020-04-19,4.828571428571428
2020-04-20,1.65
2020-04-21,1.7866666666666666
2020-04-22,2.663636363636364
2020-04-23,3.566666666666667
2020-04-24,1.675
2020-04-25,2.988888888888889
2020-04-26,3.6333333333333337
2020-04-27,3.923529411764706
2020-04-28,4.65
2020-04-29,3.844444444444445
2020-04-30,3.317647058823529
2020-05-01,4.977777777777778
2020-05-02,6.011111111111111
2020-05-03,2.6666666666666665
2020-05-04,2.8777777777777778
2020-05-05,3.388888888888889
2020-05-06,3.235294117647059
2020-05-07,3.6333333333333337
2020-05-08,3.59
2020-05-09,4.041176470588235
2020-05-10,5.966666666666667
2020-05-11,4.133333333333334
2020-05-12,2.188235294117648
2020-05-13,2.6888888888888887
2020-05-14,3.033333333333333
2020-05-15,2.7823529411764705
2020-05-16,3.355555555555556
2020-05-17,2.7333333333333334
2020-05-18,2.466666666666667
2020-05-19,2.477777777777778
2020-05-20,3.6857142857142855
2020-05-21,3.738888888888889
2020-05-22,3.1
2020-05-23,3.311111111111112
2020-05-24,3.1
2020-05-25,2.675
2020-05-26,1.5142857142857142
2020-05-27,2.0176470588235293
2020-05-28,3.2
2020-05-29,3.577777777777778
2020-05-30,3.6294117647058814
2020-05-31,4.722222222222222
2020-06-01,4.855555555555556
2020-06-02,1.7294117647058822
2020-06-03,1.9444444444444444
2020-06-04,2.888888888888889
2020-06-05,2.988235294117647
2020-06-06,4.48
2020-06-07,3.5
2020-06-08,2.8294117647058825
2020-06-09,5.675
2020-06-10,4.55
2020-06-11,3.511764705882353
2020-06-12,4.644444444444444
2020-06-13,4.655555555555555
2020-06-14,3.2
2020-06-15,4.3875
2020-06-16,4.3
2020-06-17,2.353333333333333
2020-06-18,2.414285714285714
2020-06-19,3.0375
2020-06-20,2.0277777777777777
2020-06-21,1.5625
2020-06-22,1.4285714285714286
2020-06-23,1.2875
2020-06-24,1.3375
2020-06-25,1.3888888888888888
2020-06-26,1.6388888888888888
2020-06-27,2.477777777777778
2020-06-28,2.533333333333333
2020-06-29,1.725
2020-06-30,2.23
2020-07-01,3.35
2020-07-02,5.183333333333334
2020-07-03,9.38888888888889
2020-07-04,7.377777777777778
2020-07-05,5.405882352941177
2020-07-06,4.933333333333334
2020-07-07,3.6571428571428575
2020-07-08,3.3833333333333333
2020-07-09,2.825
2020-07-10,2.211111111111111
2020-07-11,2.747058823529412
2020-07-12,2.811111111111112
2020-07-13,2.0444444444444443
2020-07-14,2.323529411764706
2020-07-15,3.25
2020-07-16,3.0
2020-07-17,1.9411764705882355
2020-07-18,1.3444444444444443
2020-07-19,1.688888888888889
2020-07-20,1.6625
2020-07-21,1.3222222222222222
2020-07-22,2.225
2020-07-23,1.76875
2020-07-24,1.9222222222222225
2020-07-25,1.6222222222222222
2020-07-26,1.2
2020-07-27,2.8
2020-07-28,4.6571428571428575
2020-07-29,4.864705882352942
2020-07-30,7.2555555555555555
2020-07-31,6.355555555555556
2020-08-01,4.752941176470588
2020-08-02,1.7777777777777777
2020-08-03,1.2333333333333334
2020-08-04,1.63125
2020-08-05,2.522222222222222
2020-08-06,1.8444444444444448
2020-08-07,1.55
2020-08-08,1.9666666666666663
2020-08-09,2.2125
2020-08-10,1.60625
2020-08-11,2.15
2020-08-12,2.45
2020-08-13,3.15625
2020-08-14,4.625
2020-08-15,5.175
2020-08-16,5.826666666666667
2020-08-17,5.800000000000001
2020-08-18,3.7
2020-08-19,3.6875
2020-08-20,5.142857142857143
2020-08-21,3.842857142857144
2020-08-22,3.826666666666666
2020-08-23,3.25
2020-08-24,2.0
2020-08-25,2.105882352941176
2020-08-26,3.033333333333333
2020-08-27,1.8333333333333333
2020-08-28,2.294117647058824
2020-08-29,2.4222222222222225
2020-08-30,1.6888888888888889
2020-08-31,1.7722222222222224
2020-09-01,0.9625
2020-09-02,1.0
2020-09-03,1.423529411764706
2020-09-04,1.8888888888888888
2020-09-05,4.15
2020-09-06,3.117647058823529
2020-09-07,2.6444444444444444
2020-09-08,2.344444444444445
2020-09-09,1.60625
2020-09-10,2.622222222222222
2020-09-11,3.822222222222222
2020-09-12,4.517647058823529
2020-09-13,4.855555555555555
2020-09-14,4.8375
2020-09-15,4.14
2020-09-16,3.3777777777777778
2020-09-17,4.133333333333333
2020-09-18,3.066666666666667
2020-09-19,3.033333333333333
2020-09-20,3.3
2020-09-21,3.68125
2020-09-22,5.2444444444444445
2020-09-23,3.2
2020-09-24,1.1222222222222222
2020-09-25,3.1
2020-09-26,3.6222222222222222
2020-09-27,2.223529411764705
2020-09-28,4.366666666666666
2020-09-29,4.3875
2020-09-30,1.9933333333333327
2020-10-01,4.922222222222222
2020-10-02,1.877777777777777
2020-10-03,3.86875
2020-10-04,7.711111111111112
2020-10-05,6.855555555555556
2020-10-06,3.947058823529412
2020-10-07,2.8
2020-10-08,2.522222222222222
2020-10-09,4.1066666666666665
2020-10-10,4.977777777777778
2020-10-11,3.111111111111111
2020-10-12,2.6411764705882352
2020-10-13,5.355555555555556
2020-10-14,5.75
2020-10-15,3.6
2020-10-16,8.377777777777778
2020-10-17,13.588888888888889
2020-10-18,11.56470588235294
2020-10-19,5.300000000000001
2020-10-20,7.925000000000001
2020-10-21,3.7666666666666666
2020-10-22,8.885714285714286
2020-10-23,23.13333333333333
2020-10-24,16.613333333333333
2020-10-25,15.666666666666666
2020-10-26,2.22
2020-10-27,2.4538461538461536
2020-10-28,4.575
2020-10-29,3.4714285714285715
2020-10-30,3.0285714285714285
2020-10-31,7.7125
2020-11-01,9.7625
2020-11-02,6.406666666666666
2020-11-03,17.85
2020-11-04,17.271428571428572
2020-11-05,6.713333333333334
2020-11-06,5.344444444444444
2020-11-07,7.033333333333333
2020-11-08,2.7266666666666666
2020-11-09,4.1
2020-11-10,6.8625
2020-11-11,9.111764705882353
2020-11-12,22.1125
2020-11-13,6.875
2020-11-14,6.073333333333333
2020-11-15,9.4625
2020-11-16,16.4875
2020-11-17,18.829411764705885
2020-11-18,24.97142857142857
2020-11-19,41.08571428571429
2020-11-20,23.95
2020-11-21,33.42857142857143
2020-11-22,14.414285714285716
2020-11-23,17.98
2020-11-24,20.1375
2020-11-25,11.7
2020-11-26,6.74375
2020-11-27,16.755555555555553
2020-11-28,16.733333333333334
2020-11-29,11.677777777777775
2020-11-30,13.72222222222222
2020-12-01,6.844444444444445
2020-12-02,2.01875
2020-12-03,3.775
2020-12-04,12.675
2020-12-05,7.276470588235294
2020-12-06,7.0375000000000005
2020-12-07,9.4
2020-12-08,5.426666666666667
2020-12-09,12.5875
2020-12-10,8.6625
2020-12-11,23.19375
2020-12-12,16.525
2020-12-13,5.75
2020-12-14,2.075
2020-12-15,4.025
2020-12-16,3.6875
2020-12-17,3.35625
2020-12-18,8.825
2020-12-19,7.166666666666667
2020-12-20,6.64375
2020-12-21,9.95
2020-12-22,9.4875
2020-12-23,5.964705882352941
2020-12-24,25.45555555555556
2020-12-25,25.23333333333333
2020-12-26,13.66
2020-12-27,22.83333333333333
2020-12-28,21.844444444444445
2020-12-29,23.70555555555556
2020-12-30,28.4375
2020-12-31,37.08888888888889
2021-01-01,54.85
2021-01-02,22.825
2021-01-03,7.15
2021-01-04,9.733333333333333
2021-01-05,23.95
2021-01-06,23.98888888888889
2021-01-07,24.49411764705882
2021-01-08,29.34444444444445
2021-01-09,30.422222222222224
2021-01-10,8.71875
2021-01-11,13.9875
2021-01-12,27.442857142857143
2021-01-13,26.38
2021-01-14,24.557142857142857
2021-01-15,5.885714285714286
2021-01-16,13.48
2021-01-17,16.242857142857144
2021-01-18,9.9
2021-01-19,4.892857142857143
2021-01-20,17.5875
2021-01-21,19.442857142857143
2021-01-22,14.566666666666666
2021-01-23,18.77142857142857
2021-01-24,15.771428571428572
2021-01-25,10.25
2021-01-26,20.942857142857143
2021-01-27,23.316666666666663
2021-01-28,16.0
2021-01-29,17.585714285714285
2021-01-30,14.271428571428572
2021-01-31,9.28
2021-02-01,7.771428571428571
2021-02-02,11.428571428571429
2021-02-03,4.25
2021-02-04,8.9
2021-02-05,13.9
2021-02-06,5.528571428571428
2021-02-07,14.657142857142857
2021-02-08,10.357142857142858
2021-02-09,10.171428571428573
2021-02-10,10.314285714285717
2021-02-11,11.128571428571428
2021-02-12,16.42
2021-02-13,25.085714285714285
2021-02-14,25.785714285714285
2021-02-15,18.275
2021-02-16,8.25
2021-02-17,5.966666666666666
2021-02-18,2.66
2021-02-19,3.866666666666666
2021-02-20,12.84
2021-02-21,8.935714285714285
2021-02-22,14.560000000000002
2021-02-23,14.214285714285714
2021-02-24,6.046666666666667
2021-02-25,4.1571428571428575
2021-02-26,3.928571428571429
2021-02-27,1.71875
2021-02-28,2.8666666666666667
2021-03-01,5.066666666666667
2021-03-02,4.673333333333333
2021-03-03,5.242857142857143
2021-03-04,11.842857142857143
2021-03-05,8.20625
2021-03-06,9.671428571428573
2021-03-07,10.614285714285714
2021-03-08,7.926666666666667
2021-03-09,9.414285714285716
2021-03-10,6.314285714285715
2021-03-11,5.0375
2021-03-12,12.928571428571429
2021-03-13,11.366666666666667
2021-03-14,5.130769230769231
2021-03-15,6.983333333333333
2021-03-16,5.985714285714286
2021-03-17,6.553333333333333
2021-03-18,5.871428571428572
2021-03-19,7.271428571428571
2021-03-20,3.292857142857143
2021-03-21,5.271428571428571
2021-03-22,5.985714285714286
2021-03-23,3.32
2021-03-24,5.557142857142857
2021-03-25,4.2
2021-03-26,3.75
2021-03-27,4.314285714285714
2021-03-28,3.414285714285714
2021-03-29,3.00625
2021-03-30,3.985714285714285
2021-03-31,2.9285714285714284
2021-04-01,3.75
2021-04-02,5.625
2021-04-03,3.2285714285714286
2021-04-04,2.075
2021-04-05,3.457142857142857
2021-04-06,4.8
2021-04-07,5.5
2021-04-08,3.828571428571428
2021-04-09,3.716666666666667
2021-04-10,4.285714285714286
2021-04-11,4.55
2021-04-12,3.716666666666667
2021-04-13,2.6846153846153844
2021-04-14,3.04
2021-04-15,3.575
2021-04-16,4.014285714285714
2021-04-17,6.4
2021-04-18,8.700000000000001
2021-04-19,6.446153846153846
2021-04-20,3.9
2021-04-21,4.328571428571428
2021-04-22,3.733333333333333
2021-04-23,6.533333333333332
2021-04-24,7.616666666666667
2021-04-25,5.2
2021-04-26,5.8500000000000005
2021-04-27,4.728571428571429
2021-04-28,4.061111111111111
2021-04-29,4.066666666666666
2021-04-30,1.5333333333333334
2021-05-01,2.511764705882353
2021-05-02,4.5125
2021-05-03,3.0875
2021-05-04,2.676470588235294
2021-05-05,4.075
2021-05-06,3.375
2021-05-07,2.7875
2021-05-08,3.625
2021-05-09,2.271428571428572
2021-05-10,2.053333333333333
2021-05-11,2.566666666666667
2021-05-12,2.1375
2021-05-13,2.26875
2021-05-14,3.271428571428572
2021-05-15,2.7285714285714286
2021-05-16,2.4875
2021-05-17,3.3833333333333333
2021-05-18,4.4
2021-05-19,3.6625
2021-05-20,3.3
2021-05-21,2.7125
2021-05-22,2.023529411764706
2021-05-23,2.25
2021-05-24,3.966666666666667
2021-05-25,3.4066666666666667
2021-05-26,3.6
2021-05-27,3.2375
2021-05-28,1.425
2021-05-29,2.128571428571429
2021-05-30,2.3285714285714283
2021-05-31,2.7
2021-06-01,2.5
2021-06-02,2.288888888888889
2021-06-03,1.8611111111111112
2021-06-04,3.088888888888889
2021-06-05,3.477777777777778
2021-06-06,2.5588235294117645
2021-06-07,3.577777777777778
2021-06-08,2.7666666666666666
2021-06-09,1.8722222222222225
2021-06-10,2.1
2021-06-11,2.7
2021-06-12,3.02
2021-06-13,4.3
2021-06-14,4.825
2021-06-15,5.64375
2021-06-16,14.55
2021-06-17,3.466666666666667
2021-06-18,2.8200000000000003
2021-06-19,3.2666666666666666
2021-06-20,2.333333333333333
2021-06-21,2.11875
2021-06-22,3.577777777777778
2021-06-23,3.755555555555556
2021-06-24,3.075
2021-06-25,2.155555555555556
2021-06-26,4.5
2021-06-27,4.461111111111111
2021-06-28,3.875
2021-06-29,2.7125
2021-06-30,4.994117647058823
2021-07-01,11.12
2021-07-02,16.466666666666665
2021-07-03,7.2444444444444445
2021-07-04,14.71
2021-07-05,44.260000000000005
2021-07-06,3.05625
2021-07-07,1.9777777777777776
2021-07-08,1.63
2021-07-09,2.236842105263158
2021-07-10,2.84
2021-07-11,4.05
2021-07-12,10.7
2021-07-13,4.390909090909091
2021-07-14,3.3200000000000003
2021-07-15,4.417647058823529
2021-07-16,7.279999999999999
2021-07-17,9.54
2021-07-18,6.847058823529411
2021-07-19,9.47
2021-07-20,14.2
2021-07-21,6.435294117647058
2021-07-22,10.01
2021-07-23,6.3100000000000005
2021-07-24,2.5
2021-07-25,2.96
2021-07-26,3.89
2021-07-27,4.117647058823529
2021-07-28,4.754545454545454
2021-07-29,4.279999999999999
2021-07-30,3.95625
2021-07-31,6.0600000000000005
2021-08-01,5.933333333333334
2021-08-02,4.2375
2021-08-03,4.83
2021-08-04,11.27
2021-08-05,13.129411764705882
2021-08-06,3.86
2021-08-07,2.28
2021-08-08,2.1842105263157894
2021-08-09,1.54
2021-08-10,1.55
2021-08-11,1.8588235294117643
2021-08-12,1.677777777777778
2021-08-13,1.2999999999999998
2021-08-14,2.1444444444444444
2021-08-15,2.1
2021-08-16,3.177777777777778
2021-08-17,3.9733333333333336
2021-08-18,2.533333333333333
2021-08-19,3.644444444444444
2021-08-20,3.261111111111111
2021-08-21,3.51
2021-08-22,3.93
2021-08-23,2.311764705882353
2021-08-24,1.0375
2021-08-25,1.2999999999999998
2021-08-26,1.82
2021-08-27,1.3571428571428572
2021-08-28,1.9888888888888887
2021-08-29,2.7764705882352945
2021-08-30,4.0375
2021-08-31,4.4625
2021-09-01,3.338888888888889
2021-09-02,2.4222222222222225
2021-09-03,2.1
2021-09-04,2.8125
2021-09-05,1.7777777777777777
2021-09-06,1.9888888888888887
2021-09-07,2.02
2021-09-08,3.011111111111111
2021-09-09,2.85
2021-09-10,2.2266666666666666
2021-09-11,2.63
2021-09-12,3.21
2021-09-13,3.6125
2021-09-14,3.9
2021-09-15,3.81
2021-09-16,3.6352941176470592
2021-09-17,3.93
2021-09-18,4.9
2021-09-19,5.277777777777778
2021-09-20,2.677777777777778
2021-09-21,2.12
2021-09-22,3.070588235294118
2021-09-23,2.7700000000000005
2021-09-24,1.1222222222222222
2021-09-25,2.746666666666667
2021-09-26,4.3875
2021-09-27,3.4125
2021-09-28,4.211764705882352
2021-09-29,5.533333333333333
2021-09-30,4.4
2021-10-01,3.547058823529412
2021-10-02,2.9222222222222225
2021-10-03,2.588888888888889
2021-10-04,2.75625
2021-10-05,6.1
2021-10-06,5.19
2021-10-07,2.0125
2021-10-08,2.2375
2021-10-09,3.2875
2021-10-10,1.9176470588235293
2021-10-11,2.2222222222222223
2021-10-12,3.1
2021-10-13,2.066666666666667
2021-10-14,3.0
2021-10-15,3.2363636363636363
2021-10-16,2.0166666666666666
2021-10-17,9.263636363636364
2021-10-18,13.49
2021-10-19,8.721052631578948
2021-10-20,7.529999999999999
2021-10-21,7.05
2021-10-22,12.06875
2021-10-23,8.763636363636364
2021-10-24,6.83
2021-10-25,4.663157894736842
2021-10-26,5.12
2021-10-27,2.69
2021-10-28,3.7
2021-10-29,2.875
2021-10-30,2.9
2021-10-31,2.3000000000000003
2021-11-01,4.66
2021-11-02,3.845454545454545
2021-11-03,4.358823529411764
2021-11-04,8.666666666666666
2021-11-05,5.55
2021-11-06,3.10625
2021-11-07,4.125
2021-11-08,4.133333333333334
2021-11-09,3.0
2021-11-10,11.97
2021-11-11,9.78
2021-11-12,4.915789473684211
2021-11-13,12.463636363636365
2021-11-14,11.33
2021-11-15,5.663157894736842
2021-11-16,8.66
2021-11-17,5.58
2021-11-18,8.073684210526316
2021-11-19,17.56
2021-11-20,25.38888888888889
2021-11-21,20.3
2021-11-22,4.322222222222222
2021-11-23,7.527272727272727
2021-11-24,6.65
2021-11-25,9.31111111111111
2021-11-26,5.425000000000001
2021-11-27,5.533333333333333
2021-11-28,14.577777777777776
2021-11-29,11.855555555555554
2021-11-30,7.925
2021-12-01,5.377777777777777
2021-12-02,10.72222222222222
2021-12-03,21.39333333333333
2021-12-04,19.17
2021-12-05,12.0
2021-12-06,12.323529411764708
2021-12-07,6.0
2021-12-08,6.5181818181818185
2021-12-09,7.861111111111111
2021-12-10,3.3
2021-12-11,5.68
2021-12-12,14.794444444444444
2021-12-13,21.5875
2021-12-14,24.6625
2021-12-15,17.853846153846153
2021-12-16,10.636363636363637
2021-12-17,6.788888888888889
2021-12-18,8.027777777777779
2021-12-19,8.8
2021-12-20,8.379999999999999
2021-12-21,4.315384615384615
2021-12-22,12.11111111111111
2021-12-23,9.7875
2021-12-24,13.575
2021-12-25,12.0125
2021-12-26,8.928571428571429
2021-12-27,4.235714285714286
2021-12-28,9.933333333333334
2021-12-29,5.628571428571428
2021-12-30,9.18
2021-12-31,4.383333333333334
2022-01-01,3.9
2022-01-02,7.0
2022-01-03,11.283333333333331
2022-01-04,22.17
2022-01-05,30.785714285714285
2022-01-06,22.19090909090909
2022-01-07,30.21111111111112
2022-01-08,22.58125
2022-01-09,7.344444444444444
2022-01-10,4.5
2022-01-11,6.570588235294117
2022-01-12,15.8
2022-01-13,10.0875
2022-01-14,5.04375
2022-01-15,12.7
2022-01-16,6.65
2022-01-17,10.1625
2022-01-18,14.2875
2022-01-19,20.775
2022-01-20,10.370588235294116
2022-01-21,9.5625
2022-01-22,9.375
2022-01-23,10.51764705882353
2022-01-24,5.685714285714285
2022-01-25,5.1875
2022-01-26,14.653333333333332
2022-01-27,15.5
2022-01-28,4.114285714285715
2022-01-29,8.466666666666667
2022-01-30,23.9
2022-01-31,33.78333333333333
2022-02-01,29.442857142857143
2022-02-02,29.11666666666667
2022-02-03,8.122222222222222
2022-02-04,4.111764705882353
2022-02-05,4.98
2022-02-06,3.477777777777778
2022-02-07,3.146666666666667
2022-02-08,3.266666666666667
2022-02-09,4.422222222222222
2022-02-10,6.311111111111111
2022-02-11,5.6125
2022-02-12,5.73
2022-02-13,3.494117647058824
2022-02-14,11.39
2022-02-15,4.033333333333333
2022-02-16,4.9875
2022-02-17,8.325000000000001
2022-02-18,3.066666666666667
2022-02-19,7.758823529411765
2022-02-20,11.511111111111113
2022-02-21,5.5
2022-02-22,3.1555555555555554
2022-02-23,10.97
2022-02-24,12.86
2022-02-25,6.247368421052632
2022-02-26,5.58
2022-02-27,3.28
2022-02-28,3.110526315789474
2022-03-01,4.644444444444444
2022-03-02,8.466666666666667
2022-03-03,10.46875
2022-03-04,10.41
2022-03-05,8.21111111111111
2022-03-06,2.861111111111111
2022-03-07,7.6
2022-03-08,6.6125
2022-03-09,3.293333333333333
2022-03-10,1.16
2022-03-11,3.75
2022-03-12,2.64
2022-03-13,4.17
2022-03-14,11.82
2022-03-15,8.244444444444445
2022-03-16,3.51
2022-03-17,5.19
2022-03-18,5.6850000000000005
2022-03-19,7.140000000000001
2022-03-20,3.38
2022-03-21,3.927777777777778
2022-03-22,3.93
2022-03-23,2.78
2022-03-24,3.085
2022-03-25,3.2444444444444445
2022-03-26,3.555555555555556
2022-03-27,5.505882352941177
2022-03-28,1.62
2022-03-29,2.94
2022-03-30,2.255
2022-03-31,2.31
2022-04-01,2.87
2022-04-02,1.588888888888889
2022-04-03,2.48
2022-04-04,4.0200000000000005
2022-04-05,2.961111111111111
2022-04-06,4.18
2022-04-07,3.28
2022-04-08,2.311111111111112
2022-04-09,3.51
2022-04-10,4.36
2022-04-11,3.289473684210526
2022-04-12,2.9545454545454546
2022-04-13,5.822222222222222
2022-04-14,5.823529411764706
2022-04-15,3.71
2022-04-16,3.05
2022-04-17,3.005
2022-04-18,2.6
2022-04-19,2.82
2022-04-20,3.811111111111111
2022-04-21,3.8
2022-04-22,2.22
2022-04-23,3.935
2022-04-24,4.38
2022-04-25,3.33
2022-04-26,3.335294117647059
2022-04-27,2.59
2022-04-28,3.35
2022-04-29,3.69375
2022-04-30,3.885714285714286
2022-05-01,2.8714285714285714
2022-05-02,2.069230769230769
2022-05-03,1.6625
2022-05-04,1.6375
2022-05-05,2.0058823529411764
2022-05-06,2.742857142857143
2022-05-07,3.477777777777778
2022-05-08,2.588235294117647
2022-05-09,1.7777777777777777
2022-05-10,1.25
2022-05-11,2.388235294117647
2022-05-12,2.271428571428572
2022-05-13,1.1428571428571428
2022-05-14,1.614285714285714
2022-05-15,1.6625
2022-05-16,1.8444444444444448
2022-05-17,1.58
2022-05-18,2.04
2022-05-19,3.15
2022-05-20,4.286666666666666
2022-05-21,4.84
2022-05-22,2.31
2022-05-23,1.98125
2022-05-24,2.1
2022-05-25,3.54
2022-05-26,3.523529411764706
2022-05-27,4.072727272727272
2022-05-28,5.63
2022-05-29,4.735
2022-05-30,5.3100000000000005
2022-05-31,6.35
2022-06-01,5.805882352941176
2022-06-02,4.566666666666666
2022-06-03,5.611111111111111
2022-06-04,4.064705882352941
2022-06-05,3.13
2022-06-06,3.64
2022-06-07,3.176470588235294
2022-06-08,1.85
2022-06-09,1.66
2022-06-10,3.0625
2022-06-11,3.46
2022-06-12,35.12
2022-06-13,36.54
2022-06-14,24.92727272727273
2022-06-15,16.53
2022-06-16,10.742105263157894
2022-06-17,8.56
2022-06-18,8.28
2022-06-19,5.066666666666666
2022-06-20,4.0600000000000005
2022-06-21,5.411111111111111
2022-06-22,15.1
2022-06-23,21.11
2022-06-24,29.58
2022-06-25,44.13157894736842
2022-06-26,40.78
2022-06-27,64.84
2022-06-28,102.81666666666666
2022-06-29,37.91428571428571
2022-06-30,56.42
2022-07-01,39.93333333333333
2022-07-02,38.22
2022-07-03,48.25555555555556
2022-07-04,35.01764705882353
2022-07-05,66.1
2022-07-06,57.12857142857143
2022-07-07,37.7125
2022-07-08,23.757142857142856
2022-07-09,99.5125
2022-07-10,31.66875
2022-07-11,34.15
2022-07-12,36.1
2022-07-13,15.844444444444443
2022-07-14,4.46
2022-07-15,7.6
2022-07-16,1.835
2022-07-17,1.4
2022-07-18,1.61
2022-07-19,1.9222222222222225
2022-07-20,1.6800000000000002
2022-07-21,1.59
2022-07-22,1.355
2022-07-23,1.97
2022-07-24,2.77
2022-07-25,3.06875
2022-07-26,2.127272727272727
2022-07-27,1.99
2022-07-28,1.95
2022-07-29,4.23
2022-07-30,4.15
2022-07-31,2.625
2022-08-01,2.88
2022-08-02,2.522222222222222
2022-08-03,2.6666666666666665
2022-08-04,3.655555555555555
2022-08-05,2.163636363636364
2022-08-06,1.423529411764706
2022-08-07,1.69
2022-08-08,2.3
2022-08-09,1.9157894736842105
2022-08-10,2.0444444444444443
2022-08-11,1.85
2022-08-12,3.0176470588235293
2022-08-13,4.0200000000000005
2022-08-14,2.57
2022-08-15,1.973684210526316
2022-08-16,1.51
2022-08-17,1.0909090909090908
2022-08-18,1.488235294117647
2022-08-19,2.01
2022-08-20,2.7
2022-08-21,2.884210526315789
2022-08-22,4.11
2022-08-23,3.6333333333333337
2022-08-24,2.741176470588236
2022-08-25,2.82
2022-08-26,2.2777777777777777
2022-08-27,1.726315789473684
2022-08-28,1.8888888888888888
2022-08-29,2.455555555555556
2022-08-30,2.18125
2022-08-31,1.5333333333333334
2022-09-01,1.5875
2022-09-02,1.2947368421052632
2022-09-03,2.109090909090909
2022-09-04,1.9
2022-09-05,2.088235294117647
2022-09-06,2.6888888888888887
2022-09-07,2.645454545454545
2022-09-08,1.7947368421052632
2022-09-09,2.1
2022-09-10,3.4222222222222225
2022-09-11,3.6125
2022-09-12,3.933333333333333
2022-09-13,1.955555555555556
2022-09-14,1.4526315789473685
2022-09-15,1.63
2022-09-16,4.411111111111111
2022-09-17,3.975
2022-09-18,4.720000000000001
2022-09-19,4.3
2022-09-20,2.7578947368421054
2022-09-21,3.566666666666667
2022-09-22,2.47
2022-09-23,2.9625
2022-09-24,4.84
2022-09-25,5.14
2022-09-26,2.9588235294117644
2022-09-27,2.518181818181818
2022-09-28,3.17
2022-09-29,4.005882352941176
2022-09-30,3.79
2022-10-01,4.51
2022-10-02,4.036842105263158
2022-10-03,5.01
2022-10-04,7.590000000000001
2022-10-05,4.394117647058824
2022-10-06,6.188888888888889
2022-10-07,4.722222222222222
2022-10-08,3.052941176470588
2022-10-09,2.122222222222222
2022-10-10,2.8000000000000003
2022-10-11,2.317647058823529
2022-10-12,3.2777777777777777
2022-10-13,3.677777777777778
2022-10-14,6.655555555555555
2022-10-15,4.188888888888889
2022-10-16,4.144444444444444
2022-10-17,4.58
2022-10-18,8.879999999999999
2022-10-19,4.355555555555556
2022-10-20,2.9176470588235297
2022-10-21,2.588888888888889
2022-10-22,3.466666666666667
2022-10-23,4.185714285714286
2022-10-24,4.85
2022-10-25,3.275
2022-10-26,3.1733333333333333
2022-10-27,4.455555555555556
2022-10-28,4.311111111111111
2022-10-29,7.9625
2022-10-30,6.566666666666666
2022-10-31,5.5375
2022-11-01,4.117647058823529
2022-11-02,4.142857142857143
2022-11-03,1.625
2022-11-04,2.7642857142857147
2022-11-05,8.733333333333333
2022-11-06,12.028571428571428
2022-11-07,9.529411764705882
2022-11-08,14.18888888888889
2022-11-09,11.077777777777778
2022-11-10,6.56
2022-11-11,11.666666666666666
2022-11-12,11.844444444444443
2022-11-13,8.0375
2022-11-14,2.425
2022-11-15,6.3875
2022-11-16,13.425
2022-11-17,23.94
2022-11-18,24.22
2022-11-19,10.933333333333334
2022-11-20,11.177777777777775
2022-11-21,15.1625
2022-11-22,9.592857142857143
2022-11-23,9.9125
2022-11-24,6.15
2022-11-25,3.264705882352941
2022-11-26,8.425
2022-11-27,10.4125
2022-11-28,7.807142857142857
2022-11-29,16.05
2022-11-30,8.985714285714286
2022-12-01,6.676470588235294
2022-12-02,8.985714285714286
2022-12-03,10.166666666666666
2022-12-04,14.62142857142857
2022-12-05,14.5625
2022-12-06,10.56
2022-12-07,4.047368421052632
2022-12-08,4.111111111111111
2022-12-09,4.090000000000001
2022-12-10,6.488888888888889
2022-12-11,12.52
2022-12-12,3.5
2022-12-13,7.889473684210526
2022-12-14,7.977777777777778
2022-12-15,5.46
2022-12-16,16.98
2022-12-17,25.11111111111111
2022-12-18,30.988888888888887
2022-12-19,24.23529411764705
2022-12-20,31.79090909090909
2022-12-21,28.8875
2022-12-22,21.7
2022-12-23,9.3
2022-12-24,6.83
2022-12-25,4.533333333333333
2022-12-26,4.89
2022-12-27,5.84
2022-12-28,5.635294117647058
2022-12-29,20.681818181818183
2022-12-30,21.509090909090908
2022-12-31,19.47777777777777
2023-01-01,20.342857142857145
2023-01-02,15.042857142857144
2023-01-03,12.1
2023-01-04,16.783333333333335
2023-01-05,25.357142857142858
2023-01-06,15.3375
2023-01-07,12.7
2023-01-08,10.1375
2023-01-09,7.764285714285714
2023-01-10,15.366666666666667
2023-01-11,12.428571428571429
2023-01-12,12.346153846153848
2023-01-13,21.62857142857143
2023-01-14,18.342857142857145
2023-01-15,8.514285714285714
2023-01-16,14.057142857142855
2023-01-17,14.6
2023-01-18,10.992857142857144
2023-01-19,13.12857142857143
2023-01-20,10.4125
2023-01-21,3.746666666666667
2023-01-22,7.0
2023-01-23,4.716666666666667
2023-01-24,4.18125
2023-01-25,3.9
2023-01-26,5.333333333333333
2023-01-27,7.042857142857144
2023-01-28,5.183333333333334
2023-01-29,11.15
2023-01-30,4.342857142857143
2023-01-31,8.414285714285715
2023-02-01,6.671428571428572
2023-02-02,2.786666666666666
2023-02-03,6.514285714285714
2023-02-04,8.685714285714285
2023-02-05,4.90625
2023-02-06,5.816666666666666
2023-02-07,7.242857142857143
2023-02-08,5.02
2023-02-09,8.5
2023-02-10,4.783333333333334
2023-02-11,6.241176470588236
2023-02-12,3.0285714285714285
2023-02-13,3.485714285714286
2023-02-14,6.6933333333333325
2023-02-15,6.1571428571428575
2023-02-16,8.0
2023-02-17,8.38125
2023-02-18,5.257142857142857
2023-02-19,6.742857142857143
2023-02-20,4.3533333333333335
2023-02-21,6.459999999999999
2023-02-22,4.857142857142857
2023-02-23,2.5588235294117645
2023-02-24,5.285714285714286
2023-02-25,6.257142857142857
2023-02-26,6.133333333333334
2023-02-27,9.366666666666667
2023-02-28,6.771428571428571
2023-03-01,3.247058823529412
2023-03-02,3.1
2023-03-03,5.285714285714286
2023-03-04,6.72
2023-03-05,8.614285714285714
2023-03-06,11.242857142857144
2023-03-07,8.211764705882352
2023-03-08,10.428571428571429
2023-03-09,6.142857142857143
2023-03-10,5.26
2023-03-11,11.0
2023-03-12,8.7
2023-03-13,5.51875
2023-03-14,9.6375
2023-03-15,5.616666666666667
2023-03-16,3.569230769230769
2023-03-17,6.449999999999999
2023-03-18,5.4
2023-03-19,3.3000000000000003
2023-03-20,4.9
2023-03-21,4.457142857142857
2023-03-22,4.0285714285714285
2023-03-23,3.242857142857143
2023-03-24,6.4375
2023-03-25,5.1000000000000005
2023-03-26,5.475
2023-03-27,4.571428571428571
2023-03-28,3.242857142857143
2023-03-29,5.5375
2023-03-30,3.742857142857143
2023-03-31,1.6875
2023-04-01,2.7857142857142856
2023-04-02,3.171428571428572
2023-04-03,4.1
2023-04-04,3.985714285714285
2023-04-05,2.257142857142857
2023-04-06,2.3625
2023-04-07,3.814285714285714
2023-04-08,3.171428571428572
2023-04-09,2.0142857142857147
2023-04-10,4.05
2023-04-11,4.566666666666666
2023-04-12,3.1352941176470592
2023-04-13,2.7
2023-04-14,3.0285714285714285
2023-04-15,2.5357142857142856
2023-04-16,3.185714285714286
2023-04-17,2.185714285714286
2023-04-18,2.8375
2023-04-19,4.442857142857142
2023-04-20,4.757142857142857
2023-04-21,3.95
2023-04-22,3.0142857142857147
2023-04-23,2.3285714285714287
2023-04-24,2.64
2023-04-25,2.9875
2023-04-26,2.571428571428572
2023-04-27,2.72
2023-04-28,2.433333333333333
2023-04-29,2.766666666666667
2023-04-30,2.63125
2023-05-01,2.8000000000000003
2023-05-02,1.9833333333333327
2023-05-03,2.2142857142857144
2023-05-04,2.957142857142857
2023-05-05,5.171428571428572
2023-05-06,4.982352941176471
2023-05-07,6.0
2023-05-08,4.428571428571429
2023-05-09,3.7666666666666666
2023-05-10,4.071428571428571
2023-05-11,2.8428571428571425
2023-05-12,2.46875
2023-05-13,2.083333333333333
2023-05-14,3.616666666666666
2023-05-15,3.3846153846153846
2023-05-16,3.5
2023-05-17,3.985714285714285
2023-05-18,4.28125
2023-05-19,5.042857142857143
2023-05-20,2.7
2023-05-21,2.892857142857143
2023-05-22,2.642857142857143
2023-05-23,2.8714285714285714
2023-05-24,3.223529411764706
2023-05-25,2.4285714285714284
2023-05-26,3.442857142857143
2023-05-27,2.1142857142857143
2023-05-28,2.2857142857142856
2023-05-29,1.3285714285714287
2023-05-30,1.3071428571428572
2023-05-31,1.7222222222222223
2023-06-01,1.8
2023-06-02,1.4666666666666666
2023-06-03,2.7142857142857144
2023-06-04,2.3714285714285714
2023-06-05,2.7875
2023-06-06,3.05
2023-06-07,3.642857142857143
2023-06-08,3.407142857142857
2023-06-09,2.2666666666666666
2023-06-10,2.357142857142857
2023-06-11,2.853333333333333
2023-06-12,2.0166666666666666
2023-06-13,2.128571428571429
2023-06-14,2.3916666666666666
2023-06-15,3.657142857142857
2023-06-16,2.685714285714286
2023-06-17,3.323529411764706
2023-06-18,4.5
2023-06-19,4.957142857142857
2023-06-20,3.52
2023-06-21,2.771428571428572
2023-06-22,2.414285714285714
2023-06-23,2.235294117647059
2023-06-24,2.457142857142857
2023-06-25,3.071428571428572
2023-06-26,2.307142857142857
2023-06-27,2.3857142857142857
2023-06-28,3.157142857142857
2023-06-29,1.741176470588235
2023-06-30,1.8857142857142857
2023-07-01,2.414285714285714
2023-07-02,3.04
2023-07-03,4.142857142857143
2023-07-04,4.328571428571428
2023-07-05,3.088235294117647
2023-07-06,4.114285714285714
2023-07-07,4.357142857142857
2023-07-08,2.04
2023-07-09,3.142857142857143
2023-07-10,2.9857142857142853
2023-07-11,2.223529411764705
2023-07-12,2.65
2023-07-13,3.4166666666666665
2023-07-14,3.1
2023-07-15,5.028571428571428
2023-07-16,4.428571428571429
2023-07-17,1.825
2023-07-18,2.2875
2023-07-19,4.485714285714286
2023-07-20,3.5733333333333333
2023-07-21,3.742857142857143
2023-07-22,4.628571428571428
2023-07-23,4.994117647058824
2023-07-24,9.942857142857145
2023-07-25,8.657142857142857
2023-07-26,9.56
2023-07-27,10.514285714285714
2023-07-28,15.8
2023-07-29,7.093333333333334
2023-07-30,7.757142857142858
2023-07-31,7.485714285714286
2023-08-01,5.680000000000001
2023-08-02,8.542857142857143
2023-08-03,16.857142857142858
2023-08-04,14.747058823529413
2023-08-05,25.228571428571428
2023-08-06,50.871428571428574
2023-08-07,47.08461538461539
2023-08-08,34.7
2023-08-09,38.971428571428575
2023-08-10,36.78235294117647
2023-08-11,14.0
2023-08-12,8.857142857142858
2023-08-13,3.24
2023-08-14,3.928571428571429
2023-08-15,4.685714285714285
2023-08-16,3.006666666666667
2023-08-17,2.0
2023-08-18,4.871428571428572
2023-08-19,4.514285714285714
2023-08-20,5.771428571428571
2023-08-21,6.771428571428571
2023-08-22,8.18125
2023-08-23,11.228571428571428
2023-08-24,6.171428571428572
2023-08-25,2.942857142857143
2023-08-26,2.257142857142857
2023-08-27,2.9
2023-08-28,2.147058823529412
2023-08-29,3.871428571428571
2023-08-30,3.771428571428572
2023-08-31,2.314285714285714
2023-09-01,1.8857142857142857
2023-09-02,2.5285714285714285
2023-09-03,2.411764705882353
2023-09-04,2.271428571428572
2023-09-05,2.957142857142857
2023-09-06,1.893333333333333
2023-09-07,2.242857142857143
2023-09-08,2.128571428571429
2023-09-09,1.992857142857143
2023-09-10,3.628571428571429
2023-09-11,1.9
2023-09-12,1.6714285714285713
2023-09-13,2.357142857142857
2023-09-14,1.9285714285714288
2023-09-15,2.253333333333333
2023-09-16,1.8571428571428568
2023-09-17,1.5571428571428572
2023-09-18,1.4307692307692308
2023-09-19,1.975
2023-09-20,1.6857142857142855
2023-09-21,1.4375
2023-09-22,3.571428571428572
2023-09-23,4.857142857142857
2023-09-24,3.85
2023-09-25,4.442857142857143
2023-09-26,4.385714285714285
2023-09-27,3.3000000000000003
2023-09-28,6.142857142857143
2023-09-29,7.1000000000000005
2023-09-30,5.3933333333333335
2023-10-01,2.7
2023-10-02,2.1333333333333333
2023-10-03,3.064285714285714
2023-10-04,6.0625
2023-10-05,3.25
2023-10-06,2.48
2023-10-07,2.3125
2023-10-08,1.7285714285714284
2023-10-09,1.7875
2023-10-10,2.8625000000000003
2023-10-11,3.814285714285714
2023-10-12,2.5500000000000003
2023-10-13,4.242857142857143
2023-10-14,3.142857142857143
2023-10-15,4.335294117647059
2023-10-16,7.633333333333333
2023-10-17,5.085714285714286
2023-10-18,2.4714285714285715
2023-10-19,2.4714285714285715
2023-10-20,3.8857142857142857
2023-10-21,3.341176470588235
2023-10-22,5.914285714285714
2023-10-23,4.542857142857143
2023-10-24,7.323076923076924
2023-10-25,10.771428571428572
2023-10-26,15.285714285714286
2023-10-27,13.441176470588236
2023-10-28,18.31428571428572
2023-10-29,14.414285714285716
2023-10-30,8.77142857142857
2023-10-31,9.185714285714283
2023-11-01,12.233333333333334
2023-11-02,5.7875
2023-11-03,5.571428571428571
2023-11-04,5.242857142857143
2023-11-05,2.54
2023-11-06,3.2
2023-11-07,4.442857142857143
2023-11-08,4.153333333333333
2023-11-09,1.5
2023-11-10,2.8875
2023-11-11,3.5933333333333333
2023-11-12,9.271428571428572
2023-11-13,5.371428571428572
2023-11-14,4.023529411764706
2023-11-15,4.542857142857143
2023-11-16,8.171428571428573
2023-11-17,3.5285714285714285
2023-11-18,9.016666666666666
2023-11-19,7.399999999999999
2023-11-20,6.435714285714285
2023-11-21,8.328571428571427
2023-11-22,13.833333333333334
2023-11-23,10.846666666666668
2023-11-24,13.428571428571429
2023-11-25,12.928571428571429
2023-11-26,11.2125
2023-11-27,6.1571428571428575
2023-11-28,7.0
2023-11-29,14.45
2023-11-30,10.3625
2023-12-01,20.428571428571427
2023-12-02,19.1
2023-12-03,21.585714285714285
2023-12-04,18.142857142857142
2023-12-05,7.046666666666667
2023-12-06,4.5285714285714285
2023-12-07,8.82857142857143
2023-12-08,7.373333333333334
2023-12-09,14.914285714285716
2023-12-10,10.042857142857144
2023-12-11,3.225
2023-12-12,2.3125
2023-12-13,5.614285714285714
2023-12-14,10.153333333333334
2023-12-15,12.257142857142856
2023-12-16,8.366666666666665
2023-12-17,3.753333333333333
2023-12-18,9.957142857142856
2023-12-19,10.357142857142858
2023-12-20,4.571428571428571
2023-12-21,9.2625
2023-12-22,10.314285714285717
2023-12-23,6.6000000000000005
2023-12-24,1.842857142857143
2023-12-25,3.3857142857142857
2023-12-26,6.5
2023-12-27,11.0
2023-12-28,24.1
2023-12-29,15.3
2023-12-30,6.716666666666666
2023-12-31,19.366666666666667
2024-01-01,57.94545454545455
2024-01-02,12.471428571428572
2024-01-03,4.383333333333334
2024-01-04,2.14
2024-01-05,11.271428571428572
2024-01-06,19.5625
2024-01-07,8.85
2024-01-08,7.771428571428571
2024-01-09,7.042857142857143
2024-01-10,8.18888888888889
2024-01-11,13.814285714285717
2024-01-12,21.842857142857145
2024-01-13,22.527272727272727
2024-01-14,4.6
2024-01-15,6.557142857142858
2024-01-16,8.166666666666666
2024-01-17,10.125
2024-01-18,14.828571428571427
2024-01-19,21.99090909090909
2024-01-20,15.228571428571428
2024-01-21,13.6
2024-01-22,28.3
2024-01-23,18.85
2024-01-24,17.759999999999998
2024-01-25,30.1
2024-01-26,20.4
2024-01-27,10.4
2024-01-28,9.211111111111112
2024-01-29,3.1166666666666667
2024-01-30,6.871428571428572
2024-01-31,16.68
2024-02-01,16.0
2024-02-02,16.933333333333334
2024-02-03,18.375
2024-02-04,8.425
2024-02-05,15.55
2024-02-06,14.555555555555555
2024-02-07,19.52857142857143
2024-02-08,25.6875
2024-02-09,16.366666666666667
2024-02-10,16.7
2024-02-11,10.1875
2024-02-12,15.29
2024-02-13,7.288888888888888
2024-02-14,7.05
2024-02-15,17.155555555555555
2024-02-16,14.416666666666666
2024-02-17,20.3
2024-02-18,18.27777777777778
2024-02-19,9.05
2024-02-20,4.366666666666666
2024-02-21,4.655555555555555
2024-02-22,2.1142857142857143
2024-02-23,5.871428571428572
2024-02-24,8.34
2024-02-25,6.071428571428571
2024-02-26,6.1571428571428575
2024-02-27,6.44
2024-02-28,6.74
2024-02-29,12.0
2024-03-01,11.31
2024-03-02,13.285714285714286
2024-03-03,10.857142857142858
2024-03-04,9.177777777777775
2024-03-05,7.1571428571428575
2024-03-06,7.271428571428572
2024-03-07,3.8818181818181823
2024-03-08,5.442857142857143
2024-03-09,3.242857142857143
2024-03-10,3.05
2024-03-11,4.014285714285714
2024-03-12,6.528571428571429
2024-03-13,6.540000000000001
2024-03-14,2.716666666666667
2024-03-15,5.066666666666666
2024-03-16,2.9857142857142853
2024-03-17,3.225
2024-03-18,4.125
2024-03-19,8.7
2024-03-20,6.1000000000000005
2024-03-21,8.742857142857142
2024-03-22,8.81111111111111
2024-03-23,6.085714285714286
2024-03-24,7.785714285714286
2024-03-25,7.927272727272728
2024-03-26,6.071428571428571
2024-03-27,4.485714285714286
2024-03-28,4.19
2024-03-29,5.185714285714285
2024-03-30,2.542857142857143
2024-03-31,2.2363636363636363
2024-04-01,2.06
2024-04-02,3.96
2024-04-03,4.15
2024-04-04,2.68
2024-04-05,1.5399999999999998
2024-04-06,1.8833333333333333
2024-04-07,2.14
2024-04-08,2.3600000000000003
2024-04-09,2.06
2024-04-10,2.42
2024-04-11,6.8
2024-04-12,0.8333333333333334
2024-04-13,1.58
2024-04-14,2.06
2024-04-15,3.12
2024-04-16,3.1
2024-04-17,5.62
2024-04-18,5.166666666666667
2024-04-19,5.6
2024-04-20,7.140000000000001
2024-04-21,5.62
2024-04-22,2.58
2024-04-23,2.6
2024-04-24,3.283333333333333
2024-04-25,2.95
2024-04-26,2.675
2024-04-27,4.05
2024-04-28,2.325
2024-04-29,3.25
2024-04-30,4.175
2024-05-01,3.366666666666667
2024-05-02,3.1666666666666665
2024-05-03,5.133333333333333
2024-05-04,3.94
2024-05-05,2.48
2024-05-06,1.95
2024-05-07,2.8600000000000003
2024-05-08,1.96
2024-05-09,2.28
2024-05-10,2.7
2024-05-11,2.84
2024-05-12,2.6833333333333336
2024-05-13,2.44
2024-05-14,2.15
2024-05-15,2.48
2024-05-16,4.779999999999999
2024-05-17,5.2
2024-05-18,3.633333333333333
2024-05-19,2.72
2024-05-20,2.46
2024-05-21,3.82
2024-05-22,3.4200000000000004
2024-05-23,2.3600000000000003
2024-05-24,3.1333333333333333
2024-05-25,2.04
2024-05-26,2.32
2024-05-27,2.4
2024-05-28,2.76
2024-05-29,2.96
2024-05-30,2.3000000000000003
2024-05-31,2.325
2024-06-01,3.1
2024-06-02,2.18
2024-06-03,2.56
2024-06-04,3.04
2024-06-05,3.216666666666667
2024-06-06,2.425
2024-06-07,2.2
2024-06-08,4.7
2024-06-09,5.24
2024-06-10,4.88
2024-06-11,4.233333333333333
2024-06-12,8.34
2024-06-13,3.8
2024-06-14,4.359999999999999
2024-06-15,7.159999999999999
2024-06-16,5.46
2024-06-17,5.557142857142857
2024-06-18,5.12
2024-06-19,4.5
2024-06-20,9.52
2024-06-21,6.840000000000001
2024-06-22,4.32
2024-06-23,6.75
2024-06-24,17.225
2024-06-25,28.9
2024-06-26,15.68
2024-06-27,13.14
2024-06-28,30.4
2024-06-29,36.65
2024-06-30,56.925
2024-07-01,12.15
2024-07-02,2.8000000000000003
2024-07-03,3.766666666666667
2024-07-04,5.25
2024-07-05,3.025
2024-07-06,2.8000000000000003
2024-07-07,2.4
2024-07-08,3.025
2024-07-09,3.05
2024-07-10,1.65
2024-07-11,1.675
2024-07-12,1.575
2024-07-13,1.4249999999999998
2024-07-14,1.8
2024-07-15,1.525
2024-07-16,2.425
2024-07-17,1.525
2024-07-18,2.125
2024-07-19,2.85
2024-07-20,3.975
2024-07-21,5.425
2024-07-22,5.175
2024-07-23,3.825
2024-07-24,7.85
2024-07-25,7.0
2024-07-26,3.325
2024-07-27,1.375
2024-07-28,2.65
2024-07-29,2.475
2024-07-30,2.2333333333333334
2024-07-31,2.2333333333333334
2024-08-01,3.1333333333333333
2024-08-02,4.066666666666666
2024-08-03,5.266666666666667
2024-08-04,4.7
2024-08-05,5.066666666666666
2024-08-06,7.466666666666666
2024-08-07,6.4
2024-08-08,5.4
2024-08-09,5.033333333333333
2024-08-10,2.6666666666666665
2024-08-11,2.833333333333333
2024-08-12,2.4
2024-08-13,3.3666666666666667
2024-08-14,3.9333333333333336
2024-08-15,3.4
2024-08-16,3.7000000000000006
2024-08-17,3.7
2024-08-18,4.133333333333334
2024-08-19,3.2999999999999994
2024-08-20,2.45
2024-08-21,4.2
2024-08-22,3.5
2024-08-23,3.0666666666666664
2024-08-24,4.966666666666667
2024-08-25,2.533333333333333
2024-08-26,3.4666666666666663
2024-08-27,3.475
2024-08-28,2.325
2024-08-29,2.2
2024-08-30,2.3
2024-08-31,1.125
2024-09-01,2.275
2024-09-02,3.35
2024-09-03,3.05
2024-09-04,3.5500000000000003
2024-09-05,2.2
2024-09-06,1.925
2024-09-07,3.05
2024-09-08,3.675
2024-09-09,3.0250000000000004
2024-09-10,2.975
2024-09-11,2.4
2024-09-12,2.4
2024-09-13,2.05
2024-09-14,2.95
2024-09-15,1.5
2024-09-16,2.125
2024-09-17,2.3000000000000003
2024-09-18,2.25
2024-09-19,1.7000000000000002
2024-09-20,2.325
2024-09-21,3.025
2024-09-22,2.725
2024-09-23,1.775
2024-10-04,2.7849804464827557
